                {"author_username": "marianarosa", "moment_time": "2021-12-04 00:00:00.000Z", "id": 8, "comment": "ALEUIA! Um tutorial em condicoes.", "video_id": 1}
                       {"author_username": "evapomposo", "moment_time": "2021-12-03 00:00:00.000Z", "id": 6, "comment": "Isto é tudo menos fácil -_-", "video_id": 7}
              {"author_username": "evapomposo", "moment_time": "2021-11-30 00:00:00.000Z", "id": 1, "comment": "Ansiosa para ir para a universidade.", "video_id": 2}
                     {"author_username": "ana", "moment_time": "2021-11-30 00:00:00.000Z", "id": 2, "comment": "Realmente, a melhor serie de sempre.", "video_id": 3}
                                                {"author_username": "danif", "moment_time": "2021-12-04 00:00:00.000Z", "id": 9, "comment": "Lindos!", "video_id": 9}
                                            {"author_username": "danif", "moment_time": "2021-12-02 00:00:00.000Z", "id": 5, "comment": "Musica Top!", "video_id": 5}
                                   {"author_username": "filipa", "moment_time": "2021-12-01 00:00:00.000Z", "id": 4, "comment": "Nao percebi nada...", "video_id": 1}
 {"author_username": "filipefreixo", "moment_time": "2021-12-04 00:00:00.000Z", "id": 7, "comment": "Nao entendo como as pessoas gostam desta musica", "video_id": 4}
                      {"author_username": "vera", "moment_time": "2021-12-01 00:00:00.000Z", "id": 3, "comment": "Que tutorial fantastico. Obrigada!", "video_id": 1}
                                   {"author_username": "andrefreixo", "moment_time": "2021-12-04 00:00:00.000Z", "id": 10, "comment": "Que lamechas", "video_id": 10}

(10 rows)
