                                            {"video_id": 5, "moment_time": "2021-12-02 00:00:00.000Z", "id": 5, "author_username": "danif", "comment": "Musica Top!"}
                                   {"video_id": 10, "moment_time": "2021-12-04 00:00:00.000Z", "id": 10, "author_username": "andrefreixo", "comment": "Que lamechas"}
                {"video_id": 1, "moment_time": "2021-12-04 00:00:00.000Z", "id": 8, "author_username": "marianarosa", "comment": "ALEUIA! Um tutorial em condicoes."}
                      {"video_id": 1, "moment_time": "2021-12-01 00:00:00.000Z", "id": 3, "author_username": "vera", "comment": "Que tutorial fantastico. Obrigada!"}
                                   {"video_id": 1, "moment_time": "2021-12-01 00:00:00.000Z", "id": 4, "author_username": "filipa", "comment": "Nao percebi nada..."}
              {"video_id": 2, "moment_time": "2021-11-30 00:00:00.000Z", "id": 1, "author_username": "evapomposo", "comment": "Ansiosa para ir para a universidade."}
 {"video_id": 4, "moment_time": "2021-12-04 00:00:00.000Z", "id": 7, "author_username": "filipefreixo", "comment": "Nao entendo como as pessoas gostam desta musica"}
                       {"video_id": 7, "moment_time": "2021-12-03 00:00:00.000Z", "id": 6, "author_username": "evapomposo", "comment": "Isto é tudo menos fácil -_-"}
                                                {"video_id": 9, "moment_time": "2021-12-04 00:00:00.000Z", "id": 9, "author_username": "danif", "comment": "Lindos!"}
                     {"video_id": 3, "moment_time": "2021-11-30 00:00:00.000Z", "id": 2, "author_username": "ana", "comment": "Realmente, a melhor serie de sempre."}

(10 rows)
