  {"username": "marianarosa", "email": "marianarosa@ua.pt", "name": "Mariana", "registration_time_stamp": "2021-12-18 19:57:29.754Z"}
              {"username": "martaf", "email": "martaf@ua.pt", "name": "Marta", "registration_time_stamp": "2021-12-18 19:57:29.791Z"}
        {"username": "evapomposo", "email": "evapomposo@ua.pt", "name": "Eva", "registration_time_stamp": "2021-12-18 19:57:29.746Z"}
                      {"username": "ana", "email": "ana@ua.pt", "name": "Ana", "registration_time_stamp": "2021-12-18 19:57:29.798Z"}
                 {"username": "danif", "email": "danif@ua.pt", "name": "Dani", "registration_time_stamp": "2021-12-18 19:57:29.767Z"}
             {"username": "filipa", "email": "filipa@ua.pt", "name": "Filipa", "registration_time_stamp": "2021-12-18 19:57:29.812Z"}
 {"username": "filipefreixo", "email": "filipefreixo@ua.pt", "name": "Filipe", "registration_time_stamp": "2021-12-18 19:57:29.782Z"}
                   {"username": "vera", "email": "vera@ua.pt", "name": "Vera", "registration_time_stamp": "2021-12-18 19:57:29.804Z"}
    {"username": "andrefreixo", "email": "andrefreixo@ua.pt", "name": "Andre", "registration_time_stamp": "2021-12-18 19:57:29.774Z"}
    {"username": "pedrosobral", "email": "pedrosobral@ua.pt", "name": "Pedro", "registration_time_stamp": "2021-12-18 19:57:29.760Z"}

(10 rows)
