 {"author_username": "marianarosa", "upload_time_stamp": "2021-12-18 19:57:29.835Z", "id": 2, "description": "Ao longo do 2º semestre do 2º ano filmei alguns clipes que nunca cheguei a editar. ", "followers_usernames": ["ana", "evapomposo"], "name": "VLOG! | Rotina universitária, tirei o aparelho, trajar, ...", "tags": ["University", "Vlog"]}
                   {"author_username": "marianarosa", "upload_time_stamp": "2021-12-18 19:57:29.910Z", "id": 9, "description": "Os meus amigos da universidade vieram passar uma semaninha comigo cá em São Miguel. ", "followers_usernames": ["filipa", "vera"], "name": "Os continentais na ilha de São Miguel, Açores", "tags": ["Vacation", "Vlog"]}
                                                  {"author_username": "martaf", "upload_time_stamp": "2021-12-18 19:57:29.887Z", "id": 7, "description": "Maquilhagem rápida, fácil e bonita", "followers_usernames": ["ana", "evapomposo", "marianarosa"], "name": "Maquilhagem para sair à noite", "tags": ["Makeup", "Moda", "Transformaçao visual"]}
                                                                                                           {"author_username": "evapomposo", "upload_time_stamp": "2021-12-18 19:57:29.822Z", "id": 1, "description": "Tutorial de react.", "followers_usernames": ["evapomposo", "pedrosobral"], "name": "React in 5 minutes", "tags": ["Programming"]}
                                                                                                               {"author_username": "evapomposo", "upload_time_stamp": "2021-12-18 19:57:29.896Z", "id": 8, "description": "As minhas compras para este inverno", "followers_usernames": ["filipa"], "name": "TRY ON HAUL - Zara, H&M", "tags": ["Moda"]}
                                                                        {"author_username": "evapomposo", "upload_time_stamp": "2021-12-18 19:57:29.921Z", "id": 10, "description": "Prepara-te para o filme mais romantico de sempre.", "followers_usernames": ["danif", "martaf"], "name": "Trailler Romeu e Julieta", "tags": ["Romantic", "TVShow"]}
                                                                                  {"author_username": "danif", "upload_time_stamp": "2021-12-18 19:57:29.856Z", "id": 4, "description": "Musica top, vem ouvir1", "followers_usernames": ["andrefreixo", "filipefreixo", "pedrosobral"], "name": "The Less I know the Better", "tags": ["Music", "Pop"]}
                                                                                        {"author_username": "filipefreixo", "upload_time_stamp": "2021-12-18 19:57:29.876Z", "id": 6, "description": "Chegou a hora de seres o pro em angular :)", "followers_usernames": ["pedrosobral"], "name": "Angular Course", "tags": ["Angular", "Programming"]}
                                                                             {"author_username": "andrefreixo", "upload_time_stamp": "2021-12-18 19:57:29.866Z", "id": 5, "description": "Musica para ouvir em mommentos tristes", "followers_usernames": ["ana", "evapomposo", "martaf"], "name": "I Feel Like Im Drowning", "tags": ["2000", "Music"]}
                                                                                                        {"author_username": "pedrosobral", "upload_time_stamp": "2021-12-18 19:57:29.845Z", "id": 3, "description": "Trailler da melhor serie de sempre", "followers_usernames": ["danif"], "name": "Trailler The office", "tags": ["Comedy", "TVShow"]}

(10 rows)
