                                                                             {"id": 5, "author_username": "andrefreixo", "upload_time_stamp": "2021-12-18 19:57:29.969Z", "description": "Musica para ouvir em mommentos tristes", "followers_usernames": ["ana", "evapomposo", "martaf"], "name": "I Feel Like Im Drowning", "tags": ["2000", "Music"]}
                                                                        {"id": 10, "author_username": "evapomposo", "upload_time_stamp": "2021-12-18 19:57:29.990Z", "description": "Prepara-te para o filme mais romantico de sempre.", "followers_usernames": ["danif", "martaf"], "name": "Trailler Romeu e Julieta", "tags": ["Romantic", "TVShow"]}
                                                                                                           {"id": 1, "author_username": "evapomposo", "upload_time_stamp": "2021-12-18 19:57:29.931Z", "description": "Tutorial de react.", "followers_usernames": ["evapomposo", "pedrosobral"], "name": "React in 5 minutes", "tags": ["Programming"]}
                                                                                                               {"id": 8, "author_username": "evapomposo", "upload_time_stamp": "2021-12-18 19:57:29.983Z", "description": "As minhas compras para este inverno", "followers_usernames": ["filipa"], "name": "TRY ON HAUL - Zara, H&M", "tags": ["Moda"]}
 {"id": 2, "author_username": "marianarosa", "upload_time_stamp": "2021-12-18 19:57:29.943Z", "description": "Ao longo do 2º semestre do 2º ano filmei alguns clipes que nunca cheguei a editar. ", "followers_usernames": ["ana", "evapomposo"], "name": "VLOG! | Rotina universitária, tirei o aparelho, trajar, ...", "tags": ["University", "Vlog"]}
                                                                                  {"id": 4, "author_username": "danif", "upload_time_stamp": "2021-12-18 19:57:29.963Z", "description": "Musica top, vem ouvir1", "followers_usernames": ["andrefreixo", "filipefreixo", "pedrosobral"], "name": "The Less I know the Better", "tags": ["Music", "Pop"]}
                                                  {"id": 7, "author_username": "martaf", "upload_time_stamp": "2021-12-18 19:57:29.979Z", "description": "Maquilhagem rápida, fácil e bonita", "followers_usernames": ["ana", "evapomposo", "marianarosa"], "name": "Maquilhagem para sair à noite", "tags": ["Makeup", "Moda", "Transformaçao visual"]}
                                                                                        {"id": 6, "author_username": "filipefreixo", "upload_time_stamp": "2021-12-18 19:57:29.974Z", "description": "Chegou a hora de seres o pro em angular :)", "followers_usernames": ["pedrosobral"], "name": "Angular Course", "tags": ["Angular", "Programming"]}
                   {"id": 9, "author_username": "marianarosa", "upload_time_stamp": "2021-12-18 19:57:29.987Z", "description": "Os meus amigos da universidade vieram passar uma semaninha comigo cá em São Miguel. ", "followers_usernames": ["filipa", "vera"], "name": "Os continentais na ilha de São Miguel, Açores", "tags": ["Vacation", "Vlog"]}
                                                                                                        {"id": 3, "author_username": "pedrosobral", "upload_time_stamp": "2021-12-18 19:57:29.954Z", "description": "Trailler da melhor serie de sempre", "followers_usernames": ["danif"], "name": "Trailler The office", "tags": ["Comedy", "TVShow"]}

(10 rows)
